{
    "budget": 10,
    "tpc_accuracy": 0.5697,
    "random_accuracy": 0.4738,
    "accuracy_diff": 0.09589999999999999,
    "improvement_percentage": 20.240607851414097
}