{
    "cluster_purity": {
        "0": 0.8113916127686209,
        "1": 0.9370731707317074,
        "2": 0.627579556412729,
        "3": 0.715121594441397,
        "4": 0.8621591333582368,
        "5": 0.9475389912902572,
        "6": 0.9636808814527648,
        "7": 0.9200968523002422,
        "8": 0.371387602029561,
        "9": 0.9297676931388439
    },
    "cluster_majority_class": {
        "0": 0,
        "1": 2,
        "2": 5,
        "3": 4,
        "4": 8,
        "5": 9,
        "6": 1,
        "7": 6,
        "8": 3,
        "9": 7
    }
}