{
    "selected_indices": [
        2814,
        17848,
        15260,
        2263,
        18668,
        25652,
        17387,
        45266,
        23744,
        34580
    ],
    "selected_clusters": [
        8,
        3,
        4,
        2,
        5,
        6,
        0,
        7,
        9,
        1
    ],
    "selected_labels": [
        7,
        7,
        8,
        7,
        9,
        1,
        0,
        6,
        7,
        2
    ],
    "typicality_scores": [
        2.745224297559927,
        2.5285475867420244,
        2.551542651882748,
        2.524112618303162,
        2.9947032192290366,
        8.429874210009766,
        3.187020201474423,
        2.470009874446603,
        2.692789604954778,
        2.501220805379376
    ]
}